Name,category,price,rate
It's Only the Himalayas,travel_2,45.17,2
Full Moon over Noahâs Ark: An Odyssey to Mount Ararat and Beyond,travel_2,49.43,4
See America: A Celebration of Our National Parks &amp; Treasured Sites,travel_2,48.87,3
Vagabonding: An Uncommon Guide to the Art of Long-Term World Travel,travel_2,36.94,2
Under the Tuscan Sun,travel_2,37.33,3
A Summer In Europe,travel_2,44.34,2
The Great Railway Bazaar,travel_2,30.54,1
A Year in Provence (Provence #1),travel_2,56.88,4
The Road to Little Dribbling: Adventures of an American in Britain (Notes From a Small Island #2),travel_2,23.21,1
Neither Here nor There: Travels in Europe,travel_2,38.95,3
"1,000 Places to See Before You Die",travel_2,26.08,5
Sharp Objects,mystery_3,47.82,4
"In a Dark, Dark Wood",mystery_3,19.63,1
The Past Never Ends,mystery_3,56.5,4
A Murder in Time,mystery_3,16.64,1
The Murder of Roger Ackroyd (Hercule Poirot #4),mystery_3,44.1,4
The Last Mile (Amos Decker #2),mystery_3,54.21,2
That Darkness (Gardiner and Renner #1),mystery_3,13.92,1
Tastes Like Fear (DI Marnie Rome #3),mystery_3,10.69,1
A Time of Torment (Charlie Parker #14),mystery_3,48.35,5
A Study in Scarlet (Sherlock Holmes #1),mystery_3,16.73,2
Poisonous (Max Revere Novels #3),mystery_3,26.8,3
Murder at the 42nd Street Library (Raymond Ambler #1),mystery_3,54.36,4
Most Wanted,mystery_3,35.28,3
Hide Away (Eve Duncan #20),mystery_3,11.84,1
Boar Island (Anna Pigeon #19),mystery_3,59.48,3
The Widow,mystery_3,27.26,2
Playing with Fire,mystery_3,13.71,3
What Happened on Beale Street (Secrets of the South Mysteries #2),mystery_3,25.37,5
The Bachelor Girl's Guide to Murder (Herringford and Watts Mysteries #1),mystery_3,52.3,5
Delivering the Truth (Quaker Midwife Mystery #1),mystery_3,20.89,4
The Mysterious Affair at Styles (Hercule Poirot #1),mystery_3,24.8,4
In the Woods (Dublin Murder Squad #1),mystery_3,38.38,2
The Silkworm (Cormoran Strike #2),mystery_3,23.05,5
The Exiled,mystery_3,43.45,3
The Cuckoo's Calling (Cormoran Strike #1),mystery_3,19.21,1
Extreme Prey (Lucas Davenport #26),mystery_3,25.4,3
Career of Evil (Cormoran Strike #3),mystery_3,24.72,2
The No. 1 Ladies' Detective Agency (No. 1 Ladies' Detective Agency #1),mystery_3,57.7,4
The Girl You Lost,mystery_3,12.29,5
The Girl In The Ice (DCI Erika Foster #1),mystery_3,15.85,3
Blood Defense (Samantha Brinkman #1),mystery_3,20.3,3
1st to Die (Women's Murder Club #1),mystery_3,53.98,1
Tipping the Velvet,historical-fiction_4,53.74,1
Forever and Forever: The Courtship of Henry Longfellow and Fanny Appleton,historical-fiction_4,29.69,3
A Flight of Arrows (The Pathfinders #2),historical-fiction_4,55.53,5
The House by the Lake,historical-fiction_4,36.95,1
Mrs. Houdini,historical-fiction_4,30.25,5
The Marriage of Opposites,historical-fiction_4,28.08,4
Glory over Everything: Beyond The Kitchen House,historical-fiction_4,45.84,3
"Love, Lies and Spies",historical-fiction_4,20.55,2
A Paris Apartment,historical-fiction_4,39.01,4
Lilac Girls,historical-fiction_4,17.28,2
The Constant Princess (The Tudor Court #1),historical-fiction_4,16.62,3
The Invention of Wings,historical-fiction_4,37.34,1
World Without End (The Pillars of the Earth #2),historical-fiction_4,32.97,4
The Passion of Dolssa,historical-fiction_4,28.32,5
Girl With a Pearl Earring,historical-fiction_4,26.77,1
Voyager (Outlander #3),historical-fiction_4,21.07,5
The Red Tent,historical-fiction_4,35.66,5
The Last Painting of Sara de Vos,historical-fiction_4,55.55,2
The Guernsey Literary and Potato Peel Pie Society,historical-fiction_4,49.53,1
Girl in the Blue Coat,historical-fiction_4,46.83,2
Between Shades of Gray,historical-fiction_4,20.79,5
While You Were Mine,historical-fiction_4,41.32,5
The Secret Healer,historical-fiction_4,34.56,3
Starlark,historical-fiction_4,25.83,3
Lost Among the Living,historical-fiction_4,27.7,4
A Spy's Devotion (The Regency Spies of London #1),historical-fiction_4,16.97,5
Scott Pilgrim's Precious Little Life (Scott Pilgrim #1),sequential-art_5,52.29,5
Tsubasa: WoRLD CHRoNiCLE 2 (Tsubasa WoRLD CHRoNiCLE #2),sequential-art_5,16.28,1
This One Summer,sequential-art_5,19.49,4
The Nameless City (The Nameless City #1),sequential-art_5,38.16,4
"Saga, Volume 5 (Saga (Collected Editions) #5)",sequential-art_5,51.04,2
"Rat Queens, Vol. 3: Demons (Rat Queens (Collected Editions) #11-15)",sequential-art_5,50.4,3
"Princess Jellyfish 2-in-1 Omnibus, Vol. 01 (Princess Jellyfish 2-in-1 Omnibus #1)",sequential-art_5,13.61,5
"Pop Gun War, Volume 1: Gift",sequential-art_5,18.97,1
Patience,sequential-art_5,10.16,3
"Outcast, Vol. 1: A Darkness Surrounds Him (Outcast #1)",sequential-art_5,15.44,4
orange: The Complete Collection 1 (orange: The Complete Collection #1),sequential-art_5,48.41,1
"Lumberjanes, Vol. 2: Friendship to the Max (Lumberjanes #5-8)",sequential-art_5,46.91,2
"Lumberjanes, Vol. 1: Beware the Kitten Holy (Lumberjanes #1-4)",sequential-art_5,45.61,3
Lumberjanes Vol. 3: A Terrible Plan (Lumberjanes #9-12),sequential-art_5,19.92,2
"I Hate Fairyland, Vol. 1: Madly Ever After (I Hate Fairyland (Compilations) #1-5)",sequential-art_5,29.17,2
I am a Hero Omnibus Volume 1,sequential-art_5,54.63,3
"Giant Days, Vol. 2 (Giant Days #5-8)",sequential-art_5,22.11,2
Danganronpa Volume 1,sequential-art_5,51.99,4
"Codename Baboushka, Volume 1: The Conclave of Death",sequential-art_5,36.72,4
Camp Midnight,sequential-art_5,17.08,4
"Bitch Planet, Vol. 1: Extraordinary Machine (Bitch Planet (Collected Editions))",sequential-art_5,37.92,2
The Shadow Hero (The Shadow Hero),sequential-art_5,33.14,1
"Fables, Vol. 1: Legends in Exile (Fables #1)",sequential-art_5,41.62,4
Batman: The Long Halloween (Batman),sequential-art_5,36.5,2
Batman: The Dark Knight Returns (Batman),sequential-art_5,15.38,5
"Wonder Woman: Earth One, Volume One (Wonder Woman: Earth One #1)",sequential-art_5,37.34,4
"We Are Robin, Vol. 1: The Vigilante Business (We Are Robin #1)",sequential-art_5,53.9,1
Through the Woods,sequential-art_5,25.38,2
Superman Vol. 1: Before Truth (Superman by Gene Luen Yang #1),sequential-art_5,11.89,5
"So Cute It Hurts!!, Vol. 6 (So Cute It Hurts!! #6)",sequential-art_5,35.43,4
Robin War,sequential-art_5,47.82,3
"Red Hood/Arsenal, Vol. 1: Open for Business (Red Hood/Arsenal #1)",sequential-art_5,25.48,2
"Naruto (3-in-1 Edition), Vol. 14: Includes Vols. 40, 41 &amp; 42 (Naruto: Omnibus #14)",sequential-art_5,38.39,2
Lowriders to the Center of the Earth (Lowriders in Space #2),sequential-art_5,51.51,2
El Deafo,sequential-art_5,57.62,5
Batman: Europa,sequential-art_5,32.01,2
Art Ops Vol. 1,sequential-art_5,48.8,3
Adulthood Is a Myth: A &quot;Sarah's Scribbles&quot; Collection,sequential-art_5,10.9,2
"Fruits Basket, Vol. 9 (Fruits Basket #9)",sequential-art_5,33.95,4
Roller Girl,sequential-art_5,14.1,5
"Fruits Basket, Vol. 7 (Fruits Basket #7)",sequential-art_5,19.57,1
"Fruits Basket, Vol. 6 (Fruits Basket #6)",sequential-art_5,20.96,4
"Death Note, Vol. 6: Give-and-Take (Death Note #6)",sequential-art_5,36.39,3
"Fruits Basket, Vol. 5 (Fruits Basket #5)",sequential-art_5,16.33,1
"Death Note, Vol. 5: Whiteout (Death Note #5)",sequential-art_5,52.41,1
"The Demon Prince of Momochi House, Vol. 4 (The Demon Prince of Momochi House #4)",sequential-art_5,27.88,2
"Fruits Basket, Vol. 4 (Fruits Basket #4)",sequential-art_5,50.44,4
"The Wicked + The Divine, Vol. 3: Commercial Suicide (The Wicked + The Divine)",sequential-art_5,14.41,3
"The Sandman, Vol. 3: Dream Country (The Sandman (volumes) #3)",sequential-art_5,55.55,5
"Saga, Volume 3 (Saga (Collected Editions) #3)",sequential-art_5,21.57,5
Prodigy: The Graphic Novel (Legend: The Graphic Novel #2),sequential-art_5,43.63,3
Persepolis: The Story of a Childhood (Persepolis #1-2),sequential-art_5,39.13,1
Original Fake,sequential-art_5,31.45,3
"Grayson, Vol 3: Nemesis (Grayson #3)",sequential-art_5,42.72,1
"Fruits Basket, Vol. 3 (Fruits Basket #3)",sequential-art_5,45.17,2
"Black Butler, Vol. 1 (Black Butler #1)",sequential-art_5,49.31,1
Awkward,sequential-art_5,38.02,2
"The Sandman, Vol. 2: The Doll's House (The Sandman (volumes) #2)",sequential-art_5,54.81,1
"Saga, Volume 2 (Saga (Collected Editions) #2)",sequential-art_5,11.75,3
"Fruits Basket, Vol. 2 (Fruits Basket #2)",sequential-art_5,11.64,5
"Y: The Last Man, Vol. 1: Unmanned (Y: The Last Man #1)",sequential-art_5,18.51,4
"The Wicked + The Divine, Vol. 1: The Faust Act (The Wicked + The Divine)",sequential-art_5,36.52,2
"The Sandman, Vol. 1: Preludes and Nocturnes (The Sandman (volumes) #1)",sequential-art_5,54.12,3
The Complete Maus (Maus #1-2),sequential-art_5,10.64,3
"Skip Beat!, Vol. 01 (Skip Beat! #1)",sequential-art_5,42.12,3
"Saga, Volume 1 (Saga (Collected Editions) #1)",sequential-art_5,28.48,1
"Rat Queens, Vol. 1: Sass &amp; Sorcery (Rat Queens (Collected Editions) #1-5)",sequential-art_5,46.96,5
"Paper Girls, Vol. 1 (Paper Girls #1-5)",sequential-art_5,21.71,4
"Ouran High School Host Club, Vol. 1 (Ouran High School Host Club #1)",sequential-art_5,29.87,3
"Ms. Marvel, Vol. 1: No Normal (Ms. Marvel (2014-2015) #1)",sequential-art_5,39.39,4
"Hawkeye, Vol. 1: My Life as a Weapon (Hawkeye #1)",sequential-art_5,45.24,3
"Giant Days, Vol. 1 (Giant Days #1-4)",sequential-art_5,56.76,4
"Fruits Basket, Vol. 1 (Fruits Basket #1)",sequential-art_5,40.28,5
"Bleach, Vol. 1: Strawberry and the Soul Reapers (Bleach #1)",sequential-art_5,34.65,5
"Ajin: Demi-Human, Volume 1 (Ajin: Demi-Human #1)",sequential-art_5,57.06,4
The Secret Garden,classics_6,15.08,4
The Metamorphosis,classics_6,28.58,1
The Pilgrim's Progress,classics_6,50.26,2
The Hound of the Baskervilles (Sherlock Holmes #5),classics_6,14.82,2
Little Women (Little Women #1),classics_6,28.07,4
Gone with the Wind,classics_6,32.49,3
Candide,classics_6,58.63,3
Animal Farm,classics_6,57.22,3
Wuthering Heights,classics_6,17.73,3
The Picture of Dorian Gray,classics_6,29.7,2
The Complete Stories and Poems (The Works of Edgar Allan Poe [Cameo Edition]),classics_6,26.78,4
Beowulf,classics_6,38.35,2
And Then There Were None,classics_6,35.01,2
The Story of Hong Gildong,classics_6,43.19,4
The Little Prince,classics_6,45.42,2
Sense and Sensibility,classics_6,37.46,1
Of Mice and Men,classics_6,47.11,2
Emma,classics_6,32.93,2
Alice in Wonderland (Alice's Adventures in Wonderland #1),classics_6,55.53,1
Sophie's World,philosophy_7,15.94,5
The Death of Humanity: and the Case for Life,philosophy_7,58.11,4
The Stranger,philosophy_7,17.44,4
Proofs of God: Classical Arguments from Tertullian to Barth,philosophy_7,54.21,1
Kierkegaard: A Christian Missionary to Christians,philosophy_7,47.13,1
"At The Existentialist CafÃ©: Freedom, Being, and apricot cocktails with: Jean-Paul Sartre, Simone de Beauvoir, Albert Camus, Martin Heidegger, Edmund Husserl, Karl Jaspers, Maurice Merleau-Ponty and others",philosophy_7,29.93,5
Critique of Pure Reason,philosophy_7,20.75,1
"Run, Spot, Run: The Ethics of Keeping Pets",philosophy_7,20.02,1
The Nicomachean Ethics,philosophy_7,36.34,1
Meditations,philosophy_7,25.89,2
Beyond Good and Evil,philosophy_7,43.38,1
Chase Me (Paris Nights #2),romance_8,25.27,5
Black Dust,romance_8,34.53,5
Her Backup Boyfriend (The Sorensen Family #1),romance_8,33.97,1
First and First (Five Boroughs #3),romance_8,15.97,4
Fifty Shades Darker (Fifty Shades #2),romance_8,21.96,1
The Wedding Dress,romance_8,24.12,1
Suddenly in Love (Lake Haven #1),romance_8,55.99,2
Something More Than This,romance_8,16.24,4
Doing It Over (Most Likely To #1),romance_8,35.61,3
The Wedding Pact (The O'Malleys #2),romance_8,32.61,3
Hold Your Breath (Search and Rescue #1),romance_8,28.82,1
Dirty (Dive Bar #1),romance_8,40.83,4
Take Me Home Tonight (Rock Star Romance #3),romance_8,53.98,3
Off the Hook (Fishing for Trouble #1),romance_8,47.67,3
A Gentleman's Position (Society of Gentlemen #3),romance_8,14.75,5
"Sit, Stay, Love",romance_8,20.9,3
A Girl's Guide to Moving On (New Beginnings #2),romance_8,31.3,1
The Perfect Play (Play by Play #1),romance_8,59.99,3
Dark Lover (Black Dagger Brotherhood #1),romance_8,12.87,1
Changing the Game (Play by Play #2),romance_8,13.38,3
A Walk to Remember,romance_8,56.43,1
The Purest Hook (Second Circle Tattoos #3),romance_8,12.25,1
The Obsession,romance_8,45.43,1
Reservations for Two,romance_8,11.1,3
Best of My Love (Fool's Gold #20),romance_8,27.41,2
Where Lightning Strikes (Bleeding Stars #3),romance_8,39.77,3
This One Moment (Pushing Limits #1),romance_8,48.71,1
"Rhythm, Chord &amp; Malykhin",romance_8,28.34,2
My Perfect Mistake (Over the Top #1),romance_8,38.92,2
Listen to Me (Fusion #1),romance_8,58.99,3
Imperfect Harmony,romance_8,34.74,4
Fighting Fate (Fighting #6),romance_8,39.24,3
Deep Under (Walker Security #1),romance_8,47.09,5
Charity's Cross (Charles Towne Belles #4),romance_8,41.24,1
Bounty (Colorado Mountain #7),romance_8,37.26,4
I Had a Nice Time And Other Lies...: How to find love &amp; sh*t like that,womens-fiction_9,57.36,4
Will You Won't You Want Me?,womens-fiction_9,13.86,3
Keep Me Posted,womens-fiction_9,20.46,4
Grey (Fifty Shades #4),womens-fiction_9,48.49,4
Meternity,womens-fiction_9,43.58,3
Some Women,womens-fiction_9,13.73,5
Shopaholic Ties the Knot (Shopaholic #3),womens-fiction_9,48.39,5
Can You Keep a Secret?,womens-fiction_9,21.94,1
Twenties Girl,womens-fiction_9,42.8,2
The Undomestic Goddess,womens-fiction_9,45.75,4
The Nanny Diaries (Nanny #1),womens-fiction_9,52.53,5
The Devil Wears Prada (The Devil Wears Prada #1),womens-fiction_9,44.29,1
Something Borrowed (Darcy &amp; Rachel #1),womens-fiction_9,48.96,5
Something Blue (Darcy &amp; Rachel #2),womens-fiction_9,54.62,1
I've Got Your Number,womens-fiction_9,19.69,1
The Edge of Reason (Bridget Jones #2),womens-fiction_9,19.18,4
Bridget Jones's Diary (Bridget Jones #1),womens-fiction_9,29.82,1
Soumission,fiction_10,50.1,1
Private Paris (Private #10),fiction_10,47.61,5
"We Love You, Charlie Freeman",fiction_10,50.27,5
Thirst,fiction_10,17.27,5
The Murder That Never Was (Forensic Instincts #5),fiction_10,54.11,3
Tuesday Nights in 1980,fiction_10,21.04,2
The Vacationers,fiction_10,42.15,4
The Regional Office Is Under Attack!,fiction_10,51.36,5
Finders Keepers (Bill Hodges Trilogy #2),fiction_10,53.53,5
The Time Keeper,fiction_10,27.88,5
The Testament of Mary,fiction_10,52.67,4
The First Hostage (J.B. Collins #2),fiction_10,25.85,3
Take Me with You,fiction_10,45.21,3
Still Life with Bread Crumbs,fiction_10,26.41,3
Shtum,fiction_10,55.84,4
My Name Is Lucy Barton,fiction_10,41.56,1
My Mrs. Brown,fiction_10,24.48,3
Mr. Mercedes (Bill Hodges Trilogy #1),fiction_10,28.9,1
I Am Pilgrim (Pilgrim #1),fiction_10,10.6,4
Eligible (The Austen Project #4),fiction_10,27.09,3
Eight Hundred Grapes,fiction_10,14.39,4
Dear Mr. Knightley,fiction_10,11.21,5
Cometh the Hour (The Clifton Chronicles #6),fiction_10,25.01,3
Balloon Animals,fiction_10,17.03,3
A Man Called Ove,fiction_10,39.72,1
The Silent Sister (Riley MacPherson #1),fiction_10,46.29,5
The Dinner Party,fiction_10,56.54,2
The Improbability of Love,fiction_10,59.45,1
Mothering Sunday,fiction_10,13.34,2
Lies and Other Acts of Love,fiction_10,45.14,1
Daredevils,fiction_10,16.34,3
11/22/63,fiction_10,48.48,3
The Shack,fiction_10,28.03,1
The High Mountains of Portugal,fiction_10,51.15,1
Miller's Valley,fiction_10,58.54,2
Hystopia: A Novel,fiction_10,21.96,4
The Bourne Identity (Jason Bourne #1),fiction_10,42.78,4
Sister Dear,fiction_10,40.2,4
Memoirs of a Geisha,fiction_10,49.67,3
Me Before You (Me Before You #1),fiction_10,19.02,1
Deception Point,fiction_10,40.32,4
The Little Paris Bookshop,fiction_10,24.73,3
The Firm,fiction_10,45.56,3
The Expatriates,fiction_10,44.58,2
Siddhartha,fiction_10,34.22,5
Last One Home (New Beginnings #1),fiction_10,59.98,3
Digital Fortress,fiction_10,58.0,5
Atlas Shrugged,fiction_10,26.58,5
Three-Martini Lunch,fiction_10,23.21,3
The Nightingale,fiction_10,26.26,4
The Infinities,fiction_10,27.41,1
The Husband's Secret,fiction_10,52.51,5
The Da Vinci Code (Robert Langdon #2),fiction_10,22.96,2
The Art of Fielding,fiction_10,22.1,1
Lila (Gilead #3),fiction_10,12.47,3
Jurassic Park (Jurassic Park #1),fiction_10,44.97,1
Inferno (Robert Langdon #4),fiction_10,41.0,5
Crazy Rich Asians (Crazy Rich Asians #1),fiction_10,49.13,5
Big Little Lies,fiction_10,22.11,1
The Course of Love,fiction_10,16.78,3
When I'm Gone,fiction_10,51.96,3
The Silent Wife,fiction_10,12.34,5
The Bette Davis Club,fiction_10,30.66,3
Kitchens of the Great Midwest,fiction_10,57.2,5
Bright Lines,fiction_10,39.07,5
Birdsong: A Story in Pictures,childrens_11,54.64,3
The Bear and the Piano,childrens_11,36.89,1
The Secret of Dreadwillow Carse,childrens_11,56.13,1
The White Cat and the Monk: A Retelling of the Poem âPangur BÃ¡nâ,childrens_11,58.08,4
Little Red,childrens_11,13.47,3
Walt Disney's Alice in Wonderland,childrens_11,12.96,5
Twenty Yawns,childrens_11,22.08,2
Rain Fish,childrens_11,23.57,3
Once Was a Time,childrens_11,18.28,2
Luis Paints the World,childrens_11,53.95,3
Nap-a-Roo,childrens_11,25.08,1
The Whale,childrens_11,35.96,4
"Shrunken Treasures: Literary Classics, Short, Sweet, and Silly",childrens_11,52.87,3
Raymie Nightingale,childrens_11,34.41,2
Playing from the Heart,childrens_11,32.38,1
Maybe Something Beautiful: How Art Transformed a Neighborhood,childrens_11,22.54,1
The Wild Robot,childrens_11,56.07,3
The Thing About Jellyfish,childrens_11,48.77,1
The Lonely Ones,childrens_11,43.59,5
The Day the Crayons Came Home (Crayons),childrens_11,26.33,5
The Cat in the Hat (Beginner Books B-1),childrens_11,16.26,2
Red: The True Story of Red Riding Hood,childrens_11,28.54,3
Horrible Bear!,childrens_11,37.52,2
Green Eggs and Ham (Beginner Books B-16),childrens_11,10.79,4
Counting Thyme,childrens_11,10.62,1
Are We There Yet?,childrens_11,10.66,3
Diary of a Minecraft Zombie Book 1: A Scare of a Dare (An Unofficial Minecraft Book),childrens_11,52.88,4
Matilda,childrens_11,28.34,1
Charlie and the Chocolate Factory (Charlie Bucket #1),childrens_11,22.85,3
"Don't Be a Jerk: And Other Practical Advice from Dogen, Japan's Greatest Zen Master",religion_12,37.97,2
You Are What You Love: The Spiritual Power of Habit,religion_12,21.87,4
God: The Most Unpleasant Character in All Fiction,religion_12,30.03,5
The Book of Mormon,religion_12,24.57,3
"A History of God: The 4,000-Year Quest of Judaism, Christianity, and Islam",religion_12,27.62,1
The Bhagavad Gita,religion_12,57.49,3
Choosing Our Religion: The Spiritual Lives of America's Nones,religion_12,28.42,4
Worlds Elsewhere: Journeys Around Shakespeareâs Globe,nonfiction_13,40.3,5
The Five Love Languages: How to Express Heartfelt Commitment to Your Mate,nonfiction_13,31.05,3
Reasons to Stay Alive,nonfiction_13,26.41,2
#HigherSelfie: Wake Up Your Life. Free Your Soul. Find Your Tribe.,nonfiction_13,23.11,5
"Unseen City: The Majesty of Pigeons, the Discreet Charm of Snails &amp; Other Wonders of the Urban Wilderness",nonfiction_13,44.18,4
Throwing Rocks at the Google Bus: How Growth Became the Enemy of Prosperity,nonfiction_13,31.12,3
The Life-Changing Magic of Tidying Up: The Japanese Art of Decluttering and Organizing,nonfiction_13,16.77,3
The Gutsy Girl: Escapades for Your Life of Epic Adventure,nonfiction_13,37.13,1
The Electric Pencil: Drawings from Inside State Hospital No. 3,nonfiction_13,56.06,1
Spark Joy: An Illustrated Master Class on the Art of Organizing and Tidying Up,nonfiction_13,41.83,4
Reskilling America: Learning to Labor in the Twenty-First Century,nonfiction_13,19.83,2
In the Country We Love: My Family Divided,nonfiction_13,22.0,4
Everydata: The Misinformation Hidden in the Little Data You Consume Every Day,nonfiction_13,54.35,2
Call the Nurse: True Stories of a Country Nurse on a Scottish Isle,nonfiction_13,29.14,5
Algorithms to Live By: The Computer Science of Human Decisions,nonfiction_13,30.81,1
The Power of Now: A Guide to Spiritual Enlightenment,nonfiction_13,43.54,2
The Omnivore's Dilemma: A Natural History of Four Meals,nonfiction_13,38.21,2
The Genius of Birds,nonfiction_13,17.24,1
The Artist's Way: A Spiritual Path to Higher Creativity,nonfiction_13,38.49,5
So You've Been Publicly Shamed,nonfiction_13,12.23,2
"Daring Greatly: How the Courage to Be Vulnerable Transforms the Way We Live, Love, Parent, and Lead",nonfiction_13,19.43,3
Big Magic: Creative Living Beyond Fear,nonfiction_13,30.8,3
Becoming Wise: An Inquiry into the Mystery and Art of Living,nonfiction_13,27.43,2
Agnostic: A Spirited Manifesto,nonfiction_13,12.51,5
Whole Lotta Creativity Going On: 60 Fun and Unusual Exercises to Awaken and Strengthen Your Creativity,nonfiction_13,38.2,4
What's It Like in Space?: Stories from Astronauts Who've Been There,nonfiction_13,19.6,2
The Year of Magical Thinking,nonfiction_13,43.04,2
The Literature Book (Big Ideas Simply Explained),nonfiction_13,17.43,3
The Bad-Ass Librarians of Timbuktu: And Their Race to Save the Worldâs Most Precious Manuscripts,nonfiction_13,15.77,1
Swell: A Year of Waves,nonfiction_13,45.58,1
No Dream Is Too High: Life Lessons From a Man Who Walked on the Moon,nonfiction_13,21.95,2
Looking for Lovely: Collecting the Moments that Matter,nonfiction_13,29.14,5
Let It Out: A Journey Through Journaling,nonfiction_13,26.79,5
Hamilton: The Revolution,nonfiction_13,58.79,3
"Far &amp; Away: Places on the Brink of Change: Seven Continents, Twenty-Five Years",nonfiction_13,15.06,4
"Eaternity: More than 150 Deliciously Easy Vegan Recipes for a Long, Healthy, Satisfied, Joyful Life",nonfiction_13,51.75,5
Buying In: The Secret Dialogue Between What We Buy and Who We Are,nonfiction_13,37.8,4
Brain on Fire: My Month of Madness,nonfiction_13,49.32,5
Abstract City,nonfiction_13,56.37,5
13 Hours: The Inside Account of What Really Happened In Benghazi,nonfiction_13,27.06,1
The Lonely City: Adventures in the Art of Being Alone,nonfiction_13,33.26,2
The Diary of a Young Girl,nonfiction_13,59.9,3
Snatched: How A Drug Queen Went Undercover for the DEA and Was Kidnapped By Colombian Guerillas,nonfiction_13,21.21,3
Furiously Happy: A Funny Book About Horrible Things,nonfiction_13,41.46,4
"The Sleep Revolution: Transforming Your Life, One Night at a Time",nonfiction_13,11.68,4
"Mother, Can You Not?",nonfiction_13,16.89,5
A Mother's Reckoning: Living in the Aftermath of Tragedy,nonfiction_13,19.53,3
"10% Happier: How I Tamed the Voice in My Head, Reduced Stress Without Losing My Edge, and Found Self-Help That Actually Works",nonfiction_13,24.57,2
Chernobyl 01:23:40: The Incredible True Story of the World's Worst Nuclear Disaster,nonfiction_13,35.92,2
"Zero to One: Notes on Startups, or How to Build the Future",nonfiction_13,34.06,3
Why Not Me?,nonfiction_13,17.76,1
When Breath Becomes Air,nonfiction_13,39.36,2
"The Midnight Assassin: Panic, Scandal, and the Hunt for America's First Serial Killer",nonfiction_13,28.45,4
Smarter Faster Better: The Secrets of Being Productive in Life and Business,nonfiction_13,38.89,5
Rising Strong,nonfiction_13,21.82,3
Man's Search for Meaning,nonfiction_13,29.48,3
"Love That Boy: What Two Presidents, Eight Road Trips, and My Son Taught Me About a Parent's Expectations",nonfiction_13,25.06,2
Living Forward: A Proven Plan to Stop Drifting and Get the Life You Want,nonfiction_13,12.55,3
I Will Find You,nonfiction_13,44.21,1
Brazen: The Courage to Find the You That's Been Hiding,nonfiction_13,19.22,2
Between the World and Me,nonfiction_13,56.91,4
Being Mortal: Medicine and What Matters in the End,nonfiction_13,55.06,4
"A Murder Over a Girl: Justice, Gender, Junior High",nonfiction_13,13.2,3
For the Love: Fighting for Grace in a World of Impossible Standards,nonfiction_13,45.13,3
Finding God in the Ruins: How God Redeems Pain,nonfiction_13,46.64,2
The Man Who Mistook His Wife for a Hat and Other Clinical Tales,nonfiction_13,59.45,4
In Cold Blood,nonfiction_13,49.98,4
"Girl, Interrupted",nonfiction_13,42.14,3
Why Save the Bankers?: And Other Essays on Our Economic and Political Crisis,nonfiction_13,48.67,2
Talking to Girls About Duran Duran: One Young Man's Quest for True Love and a Cooler Haircut,nonfiction_13,25.15,4
My Mother Was Nuts,nonfiction_13,31.63,4
"Data, A Love Story: How I Gamed Online Dating to Meet My Match",nonfiction_13,32.35,3
The Jazz of Physics: The Secret Link Between Music and the Structure of the Universe,nonfiction_13,38.71,3
The Gunning of America: Business and the Making of American Gun Culture,nonfiction_13,16.81,4
The Geography of Bliss: One Grump's Search for the Happiest Places in the World,nonfiction_13,28.23,2
God Is Not Great: How Religion Poisons Everything,nonfiction_13,27.8,1
We the People: The Modern-Day Figures Who Have Reshaped and Affirmed the Founding Fathers' Vision of America,nonfiction_13,31.95,3
Very Good Lives: The Fringe Benefits of Failure and the Importance of Imagination,nonfiction_13,50.66,3
"Unstuffed: Decluttering Your Home, Mind, and Soul",nonfiction_13,58.09,1
Under the Banner of Heaven: A Story of Violent Faith,nonfiction_13,30.0,1
"Trespassing Across America: One Man's Epic, Never-Done-Before (and Sort of Illegal) Hike Across the Heartland",nonfiction_13,53.51,1
The Name of God is Mercy,nonfiction_13,37.25,2
Stiff: The Curious Lives of Human Cadavers,nonfiction_13,36.74,3
Spilled Milk: Based on a True Story,nonfiction_13,49.51,1
"Rise of the Rocket Girls: The Women Who Propelled Us, from Missiles to the Moon to Mars",nonfiction_13,41.67,4
Outliers: The Story of Success,nonfiction_13,14.16,1
Notes from a Small Island (Notes From a Small Island #1),nonfiction_13,40.17,1
Night (The Night Trilogy #1),nonfiction_13,13.51,1
"Miracles from Heaven: A Little Girl, Her Journey to Heaven, and Her Amazing Story of Healing",nonfiction_13,57.83,1
Letter to a Christian Nation,nonfiction_13,22.2,1
Let's Pretend This Never Happened: A Mostly True Memoir,nonfiction_13,45.11,1
It's Never Too Late to Begin Again: Discovering Creativity and Meaning at Midlife and Beyond,nonfiction_13,42.38,1
Into the Wild,nonfiction_13,56.7,5
"In the Garden of Beasts: Love, Terror, and an American Family in Hitler's Berlin",nonfiction_13,28.85,3
I Am Malala: The Girl Who Stood Up for Education and Was Shot by the Taliban,nonfiction_13,28.88,2
Gratitude,nonfiction_13,26.66,5
Disrupted: My Misadventure in the Start-Up Bubble,nonfiction_13,15.28,5
Brave Enough,nonfiction_13,51.32,5
"Born to Run: A Hidden Tribe, Superathletes, and the Greatest Race the World Has Never Seen",nonfiction_13,27.35,2
Blink: The Power of Thinking Without Thinking,nonfiction_13,21.74,5
Black Flags: The Rise of ISIS,nonfiction_13,40.87,1
Are We Smart Enough to Know How Smart Animals Are?,nonfiction_13,56.58,1
A Walk in the Woods: Rediscovering America on the Appalachian Trail,nonfiction_13,30.48,4
"The Suffragettes (Little Black Classics, #96)",nonfiction_13,11.89,2
Kindle Paperwhite User's Guide,nonfiction_13,34.0,3
H is for Hawk,nonfiction_13,57.42,5
Travels with Charley: In Search of America,nonfiction_13,57.82,5
The Tumor,nonfiction_13,41.56,5
The End of the Jesus Era (An Investigation #1),nonfiction_13,14.4,1
"Eat, Pray, Love",nonfiction_13,51.32,3
Rip it Up and Start Again,music_14,35.02,5
"Our Band Could Be Your Life: Scenes from the American Indie Underground, 1981-1991",music_14,57.25,3
How Music Works,music_14,37.32,2
Love Is a Mix Tape (Music #1),music_14,18.03,1
Please Kill Me: The Uncensored Oral History of Punk,music_14,31.19,4
Kill 'Em and Leave: Searching for James Brown and the American Soul,music_14,45.05,5
"Chronicles, Vol. 1",music_14,52.6,2
This Is Your Brain on Music: The Science of a Human Obsession,music_14,38.4,1
"Orchestra of Exiles: The Story of Bronislaw Huberman, the Israel Philharmonic, and the One Thousand Jews He Saved from Nazi Horrors",music_14,12.36,3
No One Here Gets Out Alive,music_14,20.02,5
Life,music_14,31.58,5
Old Records Never Die: One Man's Quest for His Vinyl and His Past,music_14,55.66,2
Forever Rockers (The Rocker #12),music_14,28.8,3
"The Coming Woman: A Novel Based on the Life of the Infamous Feminist, Victoria Woodhull",default_15,17.93,3
The Boys in the Boat: Nine Americans and Their Epic Quest for Gold at the 1936 Berlin Olympics,default_15,22.6,4
"Starving Hearts (Triangular Trade Trilogy, #1)",default_15,13.99,2
America's Cradle of Quarterbacks: Western Pennsylvania's Football Factory from Johnny Unitas to Joe Montana,default_15,22.5,3
Aladdin and His Wonderful Lamp,default_15,53.13,3
Penny Maybe,default_15,33.29,3
Maude (1883-1993):She Grew Up with the country,default_15,18.02,2
"The Inefficiency Assassin: Time Management Tactics for Working Smarter, Not Longer",default_15,20.59,5
Soul Reader,default_15,39.58,2
Bossypants,default_15,49.46,2
A World of Flavor: Your Gluten Free Passport,default_15,42.95,1
"A Piece of Sky, a Grain of Rice: A Memoir in Four Meditations",default_15,56.76,5
Tracing Numbers on a Train,default_15,41.6,3
Thirteen Reasons Why,default_15,52.72,1
The Secret (The Secret #1),default_15,27.37,4
The Psychopath Test: A Journey Through the Madness Industry,default_15,36.0,2
The Kite Runner,default_15,41.82,4
The Girl on the Train,default_15,55.02,2
The Emerald Mystery,default_15,23.15,2
The Bridge to Consciousness: I'm Writing the Bridge Between Science and Our Old and New Beliefs.,default_15,32.0,3
The Art of War,default_15,33.34,5
Secrets and Lace (Fatal Hearts #1),default_15,20.27,1
Romero and Juliet: A Tragic Tale of Love and Zombies,default_15,36.94,1
Poses for Artists Volume 1 - Dynamic and Sitting Poses: An Essential Reference for Figure Drawing and the Human Form,default_15,41.06,1
Miss Peregrineâs Home for Peculiar Children (Miss Peregrineâs Peculiar Children #1),default_15,10.76,1
Large Print Heart of the Pride,default_15,19.15,2
Grumbles,default_15,22.16,2
First Steps for New Christians (Print Edition),default_15,29.0,1
Eureka Trivia 6.0,default_15,54.59,4
Drive: The Surprising Truth About What Motivates Us,default_15,34.95,4
Done Rubbed Out (Reightman &amp; Bailey #1),default_15,37.72,5
Beauty Restored (Riley Family Legacy Novellas #3),default_15,11.11,2
Ayumi's Violin,default_15,15.48,2
Anonymous,default_15,46.82,4
Amy Meets the Saints and Sages,default_15,18.46,3
Amatus,default_15,50.54,5
V for Vendetta (V for Vendetta Complete),default_15,37.1,4
"Unbroken: A World War II Story of Survival, Resilience, and Redemption",default_15,45.95,2
The Wright Brothers,default_15,56.8,4
The Songs of the Gods,default_15,44.48,5
The Rosie Project (Don Tillman #1),default_15,54.04,1
The Power of Habit: Why We Do What We Do in Life and Business,default_15,16.88,3
Steve Jobs,default_15,39.5,5
Luckiest Girl Alive,default_15,49.83,3
"Living Leadership by Insight: A Good Leader Achieves, a Great Leader Builds Monuments",default_15,46.91,4
Lady Midnight (The Dark Artifices #1),default_15,16.28,5
"Hush, Hush (Hush, Hush #1)",default_15,47.02,3
Greek Mythic History,default_15,10.23,5
Every Last Word,default_15,46.47,3
Daily Fantasy Sports,default_15,36.58,1
Clockwork Angel (The Infernal Devices #1),default_15,44.14,1
City of Fallen Angels (The Mortal Instruments #4),default_15,11.23,4
City of Bones (The Mortal Instruments #1),default_15,43.28,1
City of Ashes (The Mortal Instruments #2),default_15,47.27,1
"Carry On, Warrior: Thoughts on Life Unarmed",default_15,31.85,3
Carrie,default_15,46.23,2
Angels &amp; Demons (Robert Langdon #1),default_15,51.48,3
"The Three Searches, Meaning, and the Story",default_15,13.33,3
Raspberry Pi Electronics Projects for the Evil Genius,default_15,49.67,4
How to Speak Golf: An Illustrated Guide to Links Lingo,default_15,58.32,5
Eleanor &amp; Park,default_15,56.51,5
Troublemaker: Surviving Hollywood and Scientology,default_15,48.39,2
Adultery,default_15,20.88,5
Unlimited Intuition Now,default_15,58.87,4
Underlying Notes,default_15,11.82,2
The New Brand You: Your New Image Makes the Sale for You,default_15,44.05,5
The Flowers Lied,default_15,16.68,2
"NaNo What Now? Finding your editing process, revising your NaNoWriMo book and building a writing career through publishing and beyond",default_15,10.41,4
Modern Day Fables,default_15,47.44,2
The Unlikely Pilgrimage of Harold Fry (Harold Fry #1),default_15,43.62,5
The Martian (The Martian #1),default_15,41.39,2
Left Behind (Left Behind #1),default_15,40.72,2
John Vassos: Industrial Design for Modern Life,default_15,20.22,4
I'll Give You the Sun,default_15,56.48,1
Heaven is for Real: A Little Boy's Astounding Story of His Trip to Heaven and Back,default_15,52.86,2
Ender's Game (The Ender Quintet #1),default_15,43.64,1
Death by Leisure: A Cautionary Tale,default_15,37.51,4
Wildlife of New York: A Five-Borough Coloring Book,default_15,22.14,2
The Year of Living Biblically: One Man's Humble Quest to Follow the Bible as Literally as Possible,default_15,34.72,1
The Great Gatsby,default_15,36.05,4
The Good Girl,default_15,49.03,3
The 7 Habits of Highly Effective People: Powerful Lessons in Personal Change,default_15,33.17,4
Steal Like an Artist: 10 Things Nobody Told You About Being Creative,default_15,20.9,2
Life of Pi,default_15,13.22,4
The Sound Of Love,default_15,57.84,5
The Perks of Being a Wallflower,default_15,55.02,3
The Makings of a Fatherless Child,default_15,31.58,2
The Hobbit (Middle-Earth Universe),default_15,17.8,5
The Fellowship of the Ring (The Lord of the Rings #1),default_15,10.27,2
Ship Leaves Harbor: Essays on Travel by a Recovering Journeyman,default_15,30.6,3
Musicophilia: Tales of Music and the Brain,default_15,46.58,1
What If?: Serious Scientific Answers to Absurd Hypothetical Questions,default_15,53.68,4
The Fault in Our Stars,default_15,47.22,1
The Dream Thieves (The Raven Cycle #2),default_15,34.5,1
The 5th Wave (The 5th Wave #1),default_15,11.83,2
Shiver (The Wolves of Mercy Falls #1),default_15,16.23,5
Remember Me?,default_15,11.48,3
If I Stay (If I Stay #1),default_15,38.13,5
I Know Why the Caged Bird Sings (Maya Angelou's Autobiography #1),default_15,36.55,2
Harry Potter and the Deathly Hallows (Harry Potter #7),default_15,23.32,1
Fool Me Once,default_15,16.96,1
Drama,default_15,38.7,2
"Blue Lily, Lily Blue (The Raven Cycle #3)",default_15,34.13,5
Alight (The Generations Trilogy #2),default_15,58.59,4
Vogue Colors A to Z: A Fashion Coloring Book,default_15,52.35,4
The Shining (The Shining #1),default_15,27.88,3
The Hunger Games (The Hunger Games #1),default_15,29.85,5
Outlander (Outlander #1),default_15,19.67,5
Mockingjay (The Hunger Games #3),default_15,20.44,4
Harry Potter and the Sorcerer's Stone (Harry Potter #1),default_15,13.9,3
Confessions of a Shopaholic (Shopaholic #1),default_15,48.94,2
Zero History (Blue Ant #3),default_15,34.77,1
World War Z: An Oral History of the Zombie War,default_15,21.8,1
Wild: From Lost to Found on the Pacific Crest Trail,default_15,46.02,3
"Where'd You Go, Bernadette",default_15,18.13,1
Twilight (Twilight #1),default_15,41.93,2
The Paris Wife,default_15,36.8,3
The Maze Runner (The Maze Runner #1),default_15,20.93,1
The Lover's Dictionary,default_15,58.09,2
The Goldfinch,default_15,43.58,3
The Giver (The Giver Quartet #1),default_15,12.3,1
The Girl Who Played with Fire (Millennium Trilogy #2),default_15,22.14,2
The Demon-Haunted World: Science as a Candle in the Dark,default_15,52.25,4
The Book Thief,default_15,53.49,2
The Autobiography of Malcolm X,default_15,23.43,2
Shopaholic &amp; Baby (Shopaholic #5),default_15,46.45,2
Quiet: The Power of Introverts in a World That Can't Stop Talking,default_15,43.55,1
Packing for Mars: The Curious Science of Life in the Void,default_15,56.68,2
Orange Is the New Black,default_15,24.61,2
One for the Money (Stephanie Plum #1),default_15,32.87,2
Morning Star (Red Rising #3),default_15,29.4,1
Life After Life,default_15,26.13,2
"Lean In: Women, Work, and the Will to Lead",default_15,25.02,1
Is Everyone Hanging Out Without Me? (And Other Concerns),default_15,20.11,3
Gone Girl,default_15,37.6,5
Fellside,default_15,38.62,1
Eclipse (Twilight #3),default_15,18.74,1
Dracula,default_15,52.62,3
Dead Wake: The Last Crossing of the Lusitania,default_15,39.24,5
"David and Goliath: Underdogs, Misfits, and the Art of Battling Giants",default_15,17.81,1
Dark Places,default_15,23.9,5
Breaking Dawn (Twilight #4),default_15,35.28,5
Beautiful Creatures (Caster Chronicles #1),default_15,21.55,5
A Visit from the Goon Squad,default_15,14.08,5
The Zombie Room,default_15,19.69,5
The Name of the Wind (The Kingkiller Chronicle #1),default_15,50.59,3
Taking Shots (Assassins #1),default_15,18.88,2
Shatter Me (Shatter Me #1),default_15,42.4,1
Paradise Lost (Paradise #1),default_15,24.96,1
On the Road (Duluoz Legend),default_15,32.36,3
Jane Eyre,default_15,38.43,5
Frankenstein,default_15,38.0,2
Mesaerion: The Best Science Fiction Stories 1800-1849,science-fiction_16,37.59,1
Join,science-fiction_16,35.67,5
"William Shakespeare's Star Wars: Verily, A New Hope (William Shakespeare's Star Wars #4)",science-fiction_16,43.3,4
The Project,science-fiction_16,10.65,1
Soft Apocalypse,science-fiction_16,26.12,2
Sleeping Giants (Themis Files #1),science-fiction_16,48.74,1
Arena,science-fiction_16,21.36,4
Foundation (Foundation (Publication Order) #1),science-fiction_16,32.42,1
The Restaurant at the End of the Universe (Hitchhiker's Guide to the Galaxy #2),science-fiction_16,10.92,1
Ready Player One,science-fiction_16,19.07,4
"Life, the Universe and Everything (Hitchhiker's Guide to the Galaxy #3)",science-fiction_16,33.26,2
Dune (Dune #1),science-fiction_16,54.86,1
Do Androids Dream of Electric Sheep? (Blade Runner #1),science-fiction_16,51.48,1
Three Wishes (River of Time: California #1),science-fiction_16,44.18,2
The Last Girl (The Dominion Trilogy #1),science-fiction_16,36.26,2
Having the Barbarian's Baby (Ice Planet Barbarians #7.5),science-fiction_16,34.96,4
The Book of Basketball: The NBA According to The Sports Guy,sports-and-games_17,44.84,5
"Friday Night Lights: A Town, a Team, and a Dream",sports-and-games_17,51.22,3
Sugar Rush (Offensive Line #2),sports-and-games_17,24.42,1
Settling the Score (The Summer Games #1),sports-and-games_17,44.91,2
Icing (Aces Hockey #2),sports-and-games_17,40.44,4
The Torch Is Passed: A Harding Family Story,add-a-comment_18,19.09,1
"The Mindfulness and Acceptance Workbook for Anxiety: A Guide to Breaking Free from Anxiety, Phobias, and Worry Using Acceptance and Commitment Therapy",add-a-comment_18,23.89,4
The Art Forger,add-a-comment_18,40.76,3
On a Midnight Clear,add-a-comment_18,14.07,3
Judo: Seven Steps to Black Belt (an Introductory Guide for Beginners),add-a-comment_18,53.9,2
"Shobu Samurai, Project Aryoku (#3)",add-a-comment_18,29.06,3
Modern Romance,add-a-comment_18,28.26,5
The White Queen (The Cousins' War #1),add-a-comment_18,25.91,5
The Song of Achilles,add-a-comment_18,37.4,5
The Immortal Life of Henrietta Lacks,add-a-comment_18,40.67,2
The Dovekeepers,add-a-comment_18,48.78,1
More Than Music (Chasing the Dream #1),add-a-comment_18,37.61,2
Code Name Verity (Code Name Verity #1),add-a-comment_18,22.13,4
Cell,add-a-comment_18,20.29,4
Angels Walking (Angels Walking #1),add-a-comment_18,34.2,2
"A Series of Catastrophes and Miracles: A True Story of Love, Science, and Cancer",add-a-comment_18,56.48,2
A People's History of the United States,add-a-comment_18,40.79,2
A Brush of Wings (Angels Walking #3),add-a-comment_18,55.51,1
Rook,add-a-comment_18,37.86,4
The Midnight Watch: A Novel of the Titanic and the Californian,add-a-comment_18,26.2,1
The Gray Rhino: How to Recognize and Act on the Obvious Dangers We Ignore,add-a-comment_18,59.15,4
The Children,add-a-comment_18,11.88,3
One with You (Crossfire #5),add-a-comment_18,15.71,4
Without Shame,add-a-comment_18,48.27,5
Watchmen,add-a-comment_18,58.05,4
A Hero's Curse (The Unseen Chronicles #1),add-a-comment_18,50.49,3
23 Degrees South: A Tropical Tale of Changing Whether...,add-a-comment_18,35.79,2
The Glass Castle,add-a-comment_18,16.24,1
The Drowning Girls,add-a-comment_18,35.67,3
Team of Rivals: The Political Genius of Abraham Lincoln,add-a-comment_18,20.12,5
John Adams,add-a-comment_18,57.43,4
Good in Bed (Cannie Shapiro #1),add-a-comment_18,37.05,5
The Joy of Cooking,add-a-comment_18,43.27,4
The Golden Compass (His Dark Materials #1),add-a-comment_18,18.77,1
The God Delusion,add-a-comment_18,46.85,3
Pride and Prejudice,add-a-comment_18,19.27,4
Mere Christianity,add-a-comment_18,48.51,3
Fun Home: A Family Tragicomic,add-a-comment_18,56.59,4
The Raven King (The Raven Cycle #4),add-a-comment_18,30.57,2
Find Her (Detective D.D. Warren #8),add-a-comment_18,22.37,1
Evicted: Poverty and Profit in the American City,add-a-comment_18,42.27,1
A Game of Thrones (A Song of Ice and Fire #1),add-a-comment_18,46.42,2
A Clash of Kings (A Song of Ice and Fire #2),add-a-comment_18,10.79,3
The Tipping Point: How Little Things Can Make a Big Difference,add-a-comment_18,10.02,2
The Rest Is Noise: Listening to the Twentieth Century,add-a-comment_18,34.77,1
The Purpose Driven Life: What on Earth Am I Here for?,add-a-comment_18,37.19,3
The Hitchhiker's Guide to the Galaxy (Hitchhiker's Guide to the Galaxy #1),add-a-comment_18,47.8,3
The Girl Who Kicked the Hornet's Nest (Millennium Trilogy #3),add-a-comment_18,57.48,1
"The End of Faith: Religion, Terror, and the Future of Reason",add-a-comment_18,22.13,4
The Complete Poems,add-a-comment_18,41.32,5
The Catcher in the Rye,add-a-comment_18,24.55,1
The Case for Christ (Cases for Christianity),add-a-comment_18,47.84,1
The Blind Side: Evolution of a Game,add-a-comment_18,53.71,5
Seven Days in the Art World,add-a-comment_18,52.33,2
Sarah's Key,add-a-comment_18,46.29,1
Rogue Lawyer (Rogue Lawyer #1),add-a-comment_18,50.11,3
Manuscript Found in Accra,add-a-comment_18,34.98,2
Fire Bound (Sea Haven/Sisters of the Heart #5),add-a-comment_18,21.28,4
Cosmos,add-a-comment_18,36.17,2
#GIRLBOSS,add-a-comment_18,50.96,1
The Sense of an Ending,add-a-comment_18,31.38,3
The Republic,add-a-comment_18,33.78,3
The Odyssey,add-a-comment_18,29.64,3
The Light of the Fireflies,add-a-comment_18,54.43,1
The Iliad,add-a-comment_18,16.16,1
The Communist Manifesto,add-a-comment_18,14.76,3
Lord of the Flies,add-a-comment_18,24.89,3
Unicorn Tracks,fantasy_19,18.78,3
"Saga, Volume 6 (Saga (Collected Editions) #6)",fantasy_19,25.02,3
Princess Between Worlds (Wide-Awake Princess #5),fantasy_19,13.34,5
Masks and Shadows,fantasy_19,56.4,2
Crown of Midnight (Throne of Glass #2),fantasy_19,43.29,3
"Avatar: The Last Airbender: Smoke and Shadow, Part 3 (Smoke and Shadow #3)",fantasy_19,28.09,2
A Court of Thorns and Roses (A Court of Thorns and Roses #1),fantasy_19,52.37,1
Throne of Glass (Throne of Glass #1),fantasy_19,35.07,3
The Glittering Court (The Glittering Court #1),fantasy_19,44.28,1
Hollow City (Miss Peregrineâs Peculiar Children #2),fantasy_19,42.98,1
The Star-Touched Queen,fantasy_19,46.02,5
The Hidden Oracle (The Trials of Apollo #1),fantasy_19,52.26,2
The Bane Chronicles (The Bane Chronicles #1-11),fantasy_19,44.73,4
Island of Dragons (Unwanteds #7),fantasy_19,29.65,1
Demigods &amp; Magicians: Percy and Annabeth Meet the Kanes (Percy Jackson &amp; Kane Chronicles Crossover #1-3),fantasy_19,37.51,5
City of Glass (The Mortal Instruments #3),fantasy_19,56.02,4
Searching for Meaning in Gailana,fantasy_19,38.73,1
The Star-Touched Queen,fantasy_19,32.3,5
A Shard of Ice (The Black Symphony Saga #1),fantasy_19,56.63,3
King's Folly (The Kinsman Chronicles #1),fantasy_19,39.61,5
Every Heart a Doorway (Every Heart A Doorway #1),fantasy_19,12.16,5
A Gathering of Shadows (Shades of Magic #2),fantasy_19,44.81,4
The Raven Boys (The Raven Cycle #1),fantasy_19,57.74,4
The False Prince (The Ascendance Trilogy #1),fantasy_19,56.0,5
Tell the Wind and Fire,fantasy_19,45.51,3
A Feast for Crows (A Song of Ice and Fire #4),fantasy_19,17.21,4
The Demonists (Demonist #1),fantasy_19,52.11,2
The Beast (Black Dagger Brotherhood #14),fantasy_19,46.08,5
Paper and Fire (The Great Library #2),fantasy_19,49.45,5
Harry Potter and the Order of the Phoenix (Harry Potter #5),fantasy_19,31.63,4
Harry Potter and the Half-Blood Prince (Harry Potter #6),fantasy_19,48.75,5
Harry Potter and the Chamber of Secrets (Harry Potter #2),fantasy_19,14.74,1
The Rose &amp; the Dagger (The Wrath and the Dawn #2),fantasy_19,58.64,4
Soldier (Talon #3),fantasy_19,24.72,2
Midnight Riot (Peter Grant/ Rivers of London - books #1),fantasy_19,55.46,2
Heir to the Sky,fantasy_19,44.07,4
Eragon (The Inheritance Cycle #1),fantasy_19,43.87,3
Darkfever (Fever #1),fantasy_19,56.02,1
Ash,fantasy_19,22.06,4
A Storm of Swords (A Song of Ice and Fire #3),fantasy_19,31.22,2
Vampire Girl (Vampire Girl #1),fantasy_19,53.82,2
The Silent Twin (Detective Jennifer Knight #3),fantasy_19,36.25,3
The Mirror &amp; the Maze (The Wrath and the Dawn #1.5),fantasy_19,29.38,1
Sister Sable (The Mad Queen #1),fantasy_19,13.33,3
Shadow Rites (Jane Yellowrock #10),fantasy_19,21.72,4
Origins (Alphas 0.5),fantasy_19,28.99,1
One Second (Seven #7),fantasy_19,52.94,2
Myriad (Prentor #1),fantasy_19,58.75,4
Without Borders (Wanderlove #1),new-adult_20,45.07,2
The Mistake (Off-Campus #2),new-adult_20,43.29,3
The Matchmaker's Playbook (Wingmen Inc. #1),new-adult_20,55.85,1
The Hook Up (Game On #1),new-adult_20,36.29,5
Shameless,new-adult_20,58.35,3
Off Sides (Off #1),new-adult_20,39.45,5
The Requiem Red,young-adult_21,22.65,1
Set Me Free,young-adult_21,17.46,5
The Natural History of Us (The Fine Art of Pretending #2),young-adult_21,45.22,3
Obsidian (Lux #1),young-adult_21,14.86,2
Burning,young-adult_21,28.81,3
A Fierce and Subtle Poison,young-adult_21,28.13,4
Scarlett Epstein Hates It Here,young-adult_21,43.55,5
"Nightingale, Sing",young-adult_21,38.28,1
Library of Souls (Miss Peregrineâs Peculiar Children #3),young-adult_21,48.56,5
Frostbite (Vampire Academy #2),young-adult_21,29.99,5
Wild Swans,young-adult_21,14.36,2
Until Friday Night (The Field Party #1),young-adult_21,46.31,2
This Is Where It Ends,young-adult_21,27.12,2
The Darkest Lie,young-adult_21,35.35,5
My Kind of Crazy,young-adult_21,40.36,1
Don't Get Caught,young-adult_21,55.35,1
Catching Jordan (Hundred Oaks),young-adult_21,50.83,3
Aristotle and Dante Discover the Secrets of the Universe (Aristotle and Dante Discover the Secrets of the Universe #1),young-adult_21,58.14,4
The Epidemic (The Program 0.6),young-adult_21,14.44,5
Stars Above (The Lunar Chronicles #4.5),young-adult_21,48.05,2
No Love Allowed (Dodge Cove #1),young-adult_21,54.65,4
"Exit, Pursued by a Bear",young-adult_21,51.34,4
The Alien Club,young-adult_21,54.4,1
Don't Forget Steven,young-adult_21,33.23,1
South of Sunshine,young-adult_21,28.93,1
My Life Next Door (My Life Next Door ),young-adult_21,36.39,5
Future Shock (Future Shock #1),young-adult_21,55.65,5
Nightstruck: A Novel,young-adult_21,50.35,4
Tell the Wolves I'm Home,young-adult_21,50.96,2
"Will Grayson, Will Grayson (Will Grayson, Will Grayson)",young-adult_21,47.31,4
Where She Went (If I Stay #2),young-adult_21,41.73,4
Two Summers,young-adult_21,14.64,1
The Darkest Corners,young-adult_21,11.33,5
Tell Me Three Things,young-adult_21,41.81,1
Lola and the Boy Next Door (Anna and the French Kiss #2),young-adult_21,23.63,4
Kill the Boy Band,young-adult_21,15.52,5
Isla and the Happily Ever After (Anna and the French Kiss #3),young-adult_21,48.13,5
An Abundance of Katherines,young-adult_21,10.0,5
Harry Potter and the Prisoner of Azkaban (Harry Potter #3),young-adult_21,24.17,4
Walk the Edge (Thunder Road #2),young-adult_21,32.36,3
Two Boys Kissing,young-adult_21,32.74,2
The New Guy (and Other Senior Year Distractions),young-adult_21,44.92,3
"The Land of 10,000 Madonnas",young-adult_21,29.64,4
Scarlet (The Lunar Chronicles #2),young-adult_21,14.57,4
Legend (Legend #1),young-adult_21,43.69,4
Lady Renegades (Rebel Belle #3),young-adult_21,53.04,5
Golden (Heart of Dread #3),young-adult_21,42.21,4
Cinder (The Lunar Chronicles #1),young-adult_21,26.09,1
Boy Meets Boy,young-adult_21,21.12,3
Annie on My Mind,young-adult_21,36.83,5
New Moon (Twilight #2),young-adult_21,12.86,4
Girl Online On Tour (Girl Online #2),young-adult_21,53.47,1
The Haters,young-adult_21,27.89,5
The Art of Not Breathing,young-adult_21,40.83,4
The Most Perfect Thing: Inside (and Outside) a Bird's Egg,science_22,42.96,4
Immunity: How Elie Metchnikoff Changed the Course of Modern Medicine,science_22,57.36,5
Sorting the Beef from the Bull: The Science of Food Fraud Forensics,science_22,44.74,4
Tipping Point for Planet Earth: How Close Are We to the Edge?,science_22,37.55,1
"The Fabric of the Cosmos: Space, Time, and the Texture of Reality",science_22,55.91,1
Diary of a Citizen Scientist: Chasing Tiger Beetles and Other New Ways of Engaging the World,science_22,28.41,1
The Origin of Species,science_22,10.01,4
The Grand Design,science_22,13.76,3
Peak: Secrets from the New Science of Expertise,science_22,16.28,2
"The Elegant Universe: Superstrings, Hidden Dimensions, and the Quest for the Ultimate Theory",science_22,13.03,4
"The Disappearing Spoon: And Other True Tales of Madness, Love, and the History of the World from the Periodic Table of the Elements",science_22,57.35,5
"Surely You're Joking, Mr. Feynman!: Adventures of a Curious Character",science_22,25.83,2
Seven Brief Lessons on Physics,science_22,30.6,4
The Selfish Gene,science_22,29.45,1
A Light in the Attic,poetry_23,51.77,3
The Black Maria,poetry_23,52.15,1
Shakespeare's Sonnets,poetry_23,20.66,4
Olio,poetry_23,23.88,1
You can't bury them all: Poems,poetry_23,33.63,2
Slow States of Collapse: Poems,poetry_23,57.31,3
Untitled Collection: Sabbath Poems 2014,poetry_23,14.27,4
Poems That Make Grown Women Cry,poetry_23,14.19,4
Night Sky with Exit Wounds,poetry_23,41.05,1
salt.,poetry_23,46.78,4
"Quarter Life Poetry: Poems for the Young, Broke and Hangry",poetry_23,50.89,5
Out of Print: City Lights Spotlight No. 14,poetry_23,53.64,5
Les Fleurs du Mal,poetry_23,29.04,5
Howl and Other Poems,poetry_23,40.45,2
Leave This Song Behind: Teen Poetry at Its Best,poetry_23,51.17,5
The Collected Poems of W.B. Yeats (The Collected Works of W.B. Yeats #1),poetry_23,15.42,5
The Crossover,poetry_23,38.77,4
Booked,poetry_23,17.49,5
Twenty Love Poems and a Song of Despair,poetry_23,30.95,4
"Vampire Knight, Vol. 1 (Vampire Knight #1)",paranormal_24,15.4,1
Wall and Piece,art_25,44.18,4
Feathers: Displays of Brilliant Plumage,art_25,49.05,3
Art and Fear: Observations on the Perils (and Rewards) of Artmaking,art_25,48.63,4
The New Drawing on the Right Side of the Brain,art_25,43.02,3
History of Beauty,art_25,10.29,4
The Story of Art,art_25,41.14,4
The Art Book,art_25,32.34,2
Ways of Seeing,art_25,39.51,5
The Lucifer Effect: Understanding How Good People Turn Evil,psychology_26,10.4,1
The Golden Condom: And Other Essays on Love Lost and Found,psychology_26,39.43,1
It Didn't Start with You: How Inherited Family Trauma Shapes Who We Are and How to End the Cycle,psychology_26,56.27,3
An Unquiet Mind: A Memoir of Moods and Madness,psychology_26,21.3,3
"Thinking, Fast and Slow",psychology_26,21.14,1
Civilization and Its Discontents,psychology_26,59.95,2
8 Keys to Mental Health Through Exercise,psychology_26,31.04,1
The Argonauts,autobiography_27,10.93,2
M Train,autobiography_27,27.18,1
Lab Girl,autobiography_27,40.85,1
Approval Junkie: Adventures in Caring Too Much,autobiography_27,58.81,5
Running with Scissors,autobiography_27,12.91,4
Me Talk Pretty One Day,autobiography_27,57.6,2
Lust &amp; Wonder,autobiography_27,11.87,2
Life Without a Recipe,autobiography_27,59.04,5
A Heartbreaking Work of Staggering Genius,autobiography_27,54.29,5
Catastrophic Happiness: Finding Joy in Childhood's Messy Years,parenting_28,37.35,2
Fifty Shades Freed (Fifty Shades #3),adult-fiction_29,15.36,5
The Long Haul (Diary of a Wimpy Kid #9),humor_30,44.07,1
Old School (Diary of a Wimpy Kid #10),humor_30,11.83,5
I Know What I'm Doing -- and Other Lies I Tell Myself: Dispatches from a Life Under Construction,humor_30,25.98,4
"Hyperbole and a Half: Unfortunate Situations, Flawed Coping Mechanisms, Mayhem, and Other Things That Happened",humor_30,14.75,5
Dress Your Family in Corduroy and Denim,humor_30,43.68,3
Toddlers Are A**holes: It's Not Your Fault,humor_30,25.55,1
When You Are Engulfed in Flames,humor_30,30.89,5
Naked,humor_30,31.69,3
"Lamb: The Gospel According to Biff, Christ's Childhood Pal",humor_30,55.5,5
Holidays on Ice,humor_30,51.07,2
Security,horror_31,39.25,2
Follow You Home,horror_31,21.36,1
The Loney,horror_31,23.4,1
Pet Sematary,horror_31,10.56,3
Doctor Sleep (The Shining #2),horror_31,40.12,2
Psycho: Sanitarium (Psycho #1.5),horror_31,36.97,5
Can You Keep a Secret? (Fear Street Relaunch #4),horror_31,48.64,1
Red Dragon (Hannibal Lecter #1),horror_31,23.37,3
Dracula the Un-Dead,horror_31,35.63,5
Night Shift (Night Shift #1-20),horror_31,12.75,4
Needful Things,horror_31,47.51,4
Misery,horror_31,34.79,2
It,horror_31,25.01,3
'Salem's Lot,horror_31,49.56,4
The Stand,horror_31,57.86,2
The Girl with All the Gifts,horror_31,49.47,3
House of Leaves,horror_31,54.89,1
Sapiens: A Brief History of Humankind,history_32,54.23,5
"Unbound: How Eight Technologies Made Us Human, Transformed Society, and Brought Our World to the Brink",history_32,25.52,1
The Age of Genius: The Seventeenth Century and the Birth of the Modern Mind,history_32,19.73,1
"Political Suicide: Missteps, Peccadilloes, Bad Calls, Backroom Hijinx, Sordid Pasts, Rotten Breaks, and Just Plain Dumb Mistakes in the Annals of American Politics",history_32,36.28,2
Thomas Jefferson and the Tripoli Pirates: The Forgotten War That Changed American History,history_32,59.64,1
Zealot: The Life and Times of Jesus of Nazareth,history_32,24.7,3
A Distant Mirror: The Calamitous 14th Century,history_32,14.58,3
1491: New Revelations of the Americas Before Columbus,history_32,21.8,3
Brilliant Beacons: A History of the American Lighthouse,history_32,11.45,3
Most Blessed of the Patriarchs,history_32,44.48,5
A Short History of Nearly Everything,history_32,52.4,5
The Rise and Fall of the Third Reich: A History of Nazi Germany,history_32,39.67,2
Catherine the Great: Portrait of a Woman,history_32,58.55,4
The Mathews Men: Seven Brothers and the War Against Hitler's U-boats,history_32,42.91,5
The Hiding Place,history_32,55.91,4
America's War for the Greater Middle East: A Military History,history_32,51.22,2
The Guns of August,history_32,14.54,2
"House of Lost Worlds: Dinosaurs, Dynasties, and the Story of Life on Earth",history_32,43.7,2
"Foolproof Preserving: A Guide to Small Batch Jams, Jellies, Pickles, Condiments, and More: A Foolproof Guide to Making Small Batch Jams, Jellies, Pickles, Condiments, and More",food-and-drink_33,30.52,3
"The Pioneer Woman Cooks: Dinnertime: Comfort Classics, Freezer Food, 16-Minute Meals, and Other Delicious Ways to Solve Supper!",food-and-drink_33,56.41,1
My Paris Kitchen: Recipes and Stories,food-and-drink_33,33.37,2
"Mama Tried: Traditional Italian Cooking for the Screwed, Crude, Vegan, and Tattooed",food-and-drink_33,14.02,4
"Layered: Baking, Building, and Styling Spectacular Cakes",food-and-drink_33,40.11,1
The Nerdy Nummies Cookbook: Sweet Treats for the Geek in All of Us,food-and-drink_33,37.34,5
The Love and Lemons Cookbook: An Apple-to-Zucchini Celebration of Impromptu Cooking,food-and-drink_33,37.6,2
The Cookies &amp; Cups Cookbook: 125+ sweet &amp; savory recipes reminding you to Always Eat Dessert First,food-and-drink_33,41.25,1
"Deliciously Ella Every Day: Quick and Easy Recipes for Gluten-Free Snacks, Packed Lunches, and Simple Meals",food-and-drink_33,42.16,3
The Help Yourself Cookbook for Kids: 60 Easy Plant-Based Recipes Kids Can Make to Stay Healthy and Save the Earth,food-and-drink_33,28.77,3
"It's All Easy: Healthy, Delicious Weeknight Meals in under 30 Minutes",food-and-drink_33,19.55,1
Barefoot Contessa Back to Basics,food-and-drink_33,28.01,1
Barefoot Contessa at Home: Everyday Recipes You'll Make Over and Over Again,food-and-drink_33,50.62,5
My Kitchen Year: 136 Recipes That Saved My Life,food-and-drink_33,11.53,2
Everyday Italian: 125 Simple and Delicious Recipes,food-and-drink_33,20.1,5
"A la Mode: 120 Recipes in 60 Pairings: Pies, Tarts, Cakes, Crisps, and More Topped with Ice Cream, Gelato, Frozen Custard, and More",food-and-drink_33,38.77,1
Cravings: Recipes for What You Want to Eat,food-and-drink_33,20.5,3
"The Moosewood Cookbook: Recipes from Moosewood Restaurant, Ithaca, New York",food-and-drink_33,12.34,4
32 Yolks,food-and-drink_33,53.63,2
"Naturally Lean: 125 Nourishing Gluten-Free, Plant-Based Recipes--All Under 300 Calories",food-and-drink_33,11.38,5
How to Cook Everything Vegetarian: Simple Meatless Recipes for Great Food (How to Cook Everything),food-and-drink_33,46.01,4
How to Be a Domestic Goddess: Baking and the Art of Comfort Cooking,food-and-drink_33,28.25,2
The Barefoot Contessa Cookbook,food-and-drink_33,59.92,5
Better Homes and Gardens New Cook Book,food-and-drink_33,39.61,3
The Power Greens Cookbook: 140 Delicious Superfood Recipes,food-and-drink_33,11.05,5
Mexican Today: New and Rediscovered Recipes for Contemporary Kitchens,food-and-drink_33,24.91,5
Vegan Vegetarian Omnivore: Dinner for Everyone at the Table,food-and-drink_33,13.66,2
The Smitten Kitchen Cookbook,food-and-drink_33,23.59,1
"The Art of Simple Food: Notes, Lessons, and Recipes from a Delicious Revolution",food-and-drink_33,34.32,3
Hungry Girl Clean &amp; Hungry: Easy All-Natural Recipes for Healthy Eating in the Real World,food-and-drink_33,33.14,3
Redeeming Love,christian-fiction_34,20.47,5
Close to You,christian-fiction_34,49.46,4
Shadows of the Past (Logan Point #1),christian-fiction_34,39.67,5
Like Never Before (Walker Family #2),christian-fiction_34,28.77,2
Counted With the Stars (Out from Egypt #1),christian-fiction_34,17.97,5
If I Run (If I Run #1),christian-fiction_34,49.97,4
The Dirty Little Secrets of Getting Your Dream Job,business_35,33.34,4
The Third Wave: An Entrepreneurâs Vision of the Future,business_35,12.61,5
The 10% Entrepreneur: Live Your Startup Dream Without Quitting Your Day Job,business_35,27.55,3
Shoe Dog: A Memoir by the Creator of NIKE,business_35,23.99,2
Made to Stick: Why Some Ideas Survive and Others Die,business_35,38.85,5
Quench Your Own Thirst: Business Lessons Learned Over a Beer or Two,business_35,43.14,1
The Art of Startup Fundraising,business_35,21.0,3
Born for This: How to Find the Work You Were Meant to Do,business_35,21.59,5
The E-Myth Revisited: Why Most Small Businesses Don't Work and What to Do About It,business_35,36.91,1
"Rich Dad, Poor Dad",business_35,51.74,1
The Lean Startup: How Today's Entrepreneurs Use Continuous Innovation to Create Radically Successful Businesses,business_35,33.92,3
Rework,business_35,44.88,2
Louisa: The Extraordinary Life of Mrs. Adams,biography_36,16.85,2
"Setting the World on Fire: The Brief, Astonishing Life of St. Catherine of Siena",biography_36,21.15,2
The Faith of Christopher Hitchens: The Restless Soul of the World's Most Notorious Atheist,biography_36,39.55,1
Benjamin Franklin: An American Life,biography_36,48.19,3
The Rise of Theodore Roosevelt (Theodore Roosevelt #1),biography_36,42.57,3
In Her Wake,thriller_37,12.84,1
The Elephant Tree,thriller_37,23.82,5
Behind Closed Doors,thriller_37,52.22,4
You (You #1),thriller_37,43.61,5
The Guilty (Will Robie #4),thriller_37,13.82,2
The 14th Colony (Cotton Malone #11),thriller_37,39.24,1
Give It Back,thriller_37,18.32,2
Killing Floor (Jack Reacher #1),thriller_37,31.49,4
The Bone Hunters (Lexy Vaughan &amp; Steven Macaulay #2),thriller_37,59.71,3
Far From True (Promise Falls Trilogy #2),thriller_37,34.93,2
The Travelers,thriller_37,15.77,1
When We Collided,contemporary_38,31.77,1
Someone Like You (The Harrisons #2),contemporary_38,52.79,5
We Are All Completely Beside Ourselves,contemporary_38,24.04,1
The Four Agreements: A Practical Guide to Personal Freedom,spirituality_39,17.66,5
The Activist's Tao Te Ching: Ancient Advice for a Modern Revolution,spirituality_39,32.24,5
Chasing Heaven: What Dying Taught Me About Living,spirituality_39,37.8,2
If I Gave You God's Phone Number....: Searching for Spirituality in America,spirituality_39,20.91,1
Unreasonable Hope: Finding Faith in the God Who Brings Purpose to Your Pain,spirituality_39,46.33,2
A New Earth: Awakening to Your Life's Purpose,spirituality_39,55.65,5
Logan Kade (Fallen Crest High #5.5),academic_40,13.12,2
Online Marketing for Busy Authors: A Step-By-Step Guide,self-help_41,46.35,1
How to Be Miserable: 40 Strategies You Already Use,self-help_41,46.03,1
"Overload: How to Unplug, Unwind, and Unleash Yourself from the Pressure of Stress",self-help_41,52.15,3
You Are a Badass: How to Stop Doubting Your Greatness and Start Living an Awesome Life,self-help_41,12.08,3
How to Stop Worrying and Start Living,self-help_41,46.49,5
All the Light We Cannot See,historical_42,29.87,5
The Girl You Left Behind (The Girl You Left Behind #1),historical_42,15.79,1
(Un)Qualified: How God Uses Broken People to Do Big Things,christian_43,54.0,5
Crazy Love: Overwhelmed by a Relentless God,christian_43,47.72,2
Blue Like Jazz: Nonreligious Thoughts on Christian Spirituality,christian_43,25.77,1
Silence in the Dark (Logan Point #4),suspense_44,58.33,3
The Grownup,short-stories_45,35.88,1
Suzie Snowflake: One beautiful flake (a self-esteem story),novels_46,54.81,5
"The Bulletproof Diet: Lose up to a Pound a Day, Reclaim Energy and Focus, Upgrade Your Life",health_47,49.05,3
"Eat Fat, Get Thin",health_47,54.07,2
10-Day Green Smoothie Cleanse: Lose Up to 15 Pounds in 10 Days!,health_47,49.71,5
The Art and Science of Low Carbohydrate Living,health_47,52.98,5
Libertarianism for Beginners,politics_48,51.33,2
Why the Right Went Wrong: Conservatism--From Goldwater to the Tea Party and Beyond,politics_48,52.65,4
Equal Is Unfair: America's Misguided Fight Against Income Inequality,politics_48,56.86,1
Amid the Chaos,cultural_49,36.58,1
Dark Notes,erotica_50,19.19,5
The Long Shadow of Small Ghosts: Murder and Memory in an American City,crime_51,10.97,1
